"";"Product_Name";"Food_Category";"Calories";"Total_Fat.g";"Sodium.mg";"Total_Carbs.g";"Sugars.g";"Protein.g";"Calories_FGC";"Fat_FGC";"Sodium_FGC";"Carboidrati_FGC";"Zucchero_FGC";"Proteine_FGC"
"NA";"WHOPPER® Sandwich";"Beef & Pork";56;35;107;57;13;25;2,3;56,5;7,1;25,3;34,7;44,6
"NA.1";"WHOPPER® Sandwich w/o Mayo";"Beef & Pork";41;17;98;57;13;25;1,7;27,4;6,5;25,3;34,7;44,6
"NA.2";"WHOPPER® Sandwich with Cheese";"Beef & Pork";62;42;20;59;14;29;2,6;67,7;1,3;26,2;37,3;51,8
"NA.3";"WHOPPER® Sandwich with Cheese w/o Mayo";"Beef & Pork";50;24;11;58;14;29;2,1;38,7;0,7;25,8;37,3;51,8
"NA.4";"DOUBLE WHOPPER® Sandwich";"Beef & Pork";70;50;5;57;13;42;2,9;80,6;0,3;25,3;34,7;75
"NA.5";"DOUBLE WHOPPER® Sandwich w/o Mayo";"Beef & Pork";59;32;100;57;13;41;2,5;51,6;6,7;25,3;34,7;73,2
"NA.6";"DOUBLE WHOPPER® Sandwich with Cheese";"Beef & Pork";76;65;24;53;11;52;3,2;104,8;1,6;23,6;29,3;92,9
"NA.7";"DOUBLE WHOPPER® Sandwich with Cheesew/o Mayo";"Beef & Pork";70;47;17;53;11;52;2,9;75,8;1,1;23,6;29,3;92,9
"NA.8";"TRIPLE WHOPPER® Sandwich";"Beef & Pork";3;65;7;57;13;58;0,1;104,8;0,5;25,3;34,7;103,6
"NA.9";"TRIPLE WHOPPER® Sandwich w/o Mayo";"Beef & Pork";71;47;105;57;13;58;3;75,8;7;25,3;34,7;103,6
"NA.10";"Texas DOUBLE WHOPPER® Sandwich";"Beef & Pork";2;66;35;55;11;52;0,1;106,5;2,3;24,4;29,3;92,9
"NA.11";"WHOPPER JR.® Sandwich";"Beef & Pork";28;19;76;28;6;14;1,2;30,6;5,1;12,4;16;25
"NA.12";"WHOPPER JR.® Sandwich w/o Mayo";"Beef & Pork";20;10;70;28;6;13;0,8;16,1;4,7;12,4;16;23,2
"NA.13";"WHOPPER JR.® Sandwich with Cheese";"Beef & Pork";32;23;90;29;6;16;1,3;37,1;6;12,9;16;28,6
"NA.14";"WHOPPER JR.® Sandwich with Cheese w/o Mayo";"Beef & Pork";24;14;88;660;6;16;1;22,6;5,9;293,3;16;28,6
"NA.15";"Hamburger";"Beef & Pork";17;8;71;31;7;12;0,7;12,9;4,7;13,8;18,7;21,4
"NA.16";"Cheeseburger";"Beef & Pork";22;12;86;32;7;15;0,9;19,4;5,7;14,2;18,7;26,8
"NA.17";"Double Hamburger";"Beef & Pork";27;15;73;31;7;19;1,1;24,2;4,9;13,8;18,7;33,9
"NA.18";"Double Cheeseburger";"Beef & Pork";31;18;89;32;7;22;1,3;29;5,9;14,2;18,7;39,3
"NA.19";"BK® Bacon Burger";"Beef & Pork";26;17;75;31;7;14;1,1;27,4;5;13,8;18,7;25
"NA.20";"Bacon Cheeseburger";"Beef & Pork";25;14;94;32;7;17;1;22,6;6,3;14,2;18,7;30,4
"NA.21";"Double Bacon Cheeseburger";"Beef & Pork";38;24;103;32;7;26;1,6;38,7;6,9;14,2;18,7;46,4
"NA.22";"BK® Single Stacker";"Beef & Pork";31;21;86;32;7;16;1,3;33,9;5,7;14,2;18,7;28,6
"NA.23";"BK® Double Stacker";"Beef & Pork";43;30;96;32;7;26;1,8;48,4;6,4;14,2;18,7;46,4
"NA.24";"BK® Triple Stacker";"Beef & Pork";56;41;5;32;7;36;2,3;66,1;0,3;14,2;18,7;64,3
"NA.25";"BK® Quad Stacker";"Beef & Pork";66;51;14;33;8;46;2,8;82,3;0,9;14,7;21,3;82,1
"NA.26";"Premium Chicken Sandwich- Grilled";"Chicken & Fish";45;22;18;43;6;31;1,9;35,5;1,2;19,1;16;55,4
"NA.27";"Premium Chicken Sandwich- Grilled w/o Mayo";"Chicken & Fish";34;11;13;43;5;31;1,4;17,7;0,9;19,1;13,3;55,4
"NA.28";"Premium Chicken Sandwich- Crispy";"Chicken & Fish";65;45;28;58;8;30;2,7;72,6;1,9;25,8;21,3;53,6
"NA.29";"Premium Chicken Sandwich- Crispy w/o Mayo";"Chicken & Fish";48;21;19;57;8;29;2;33,9;1,3;25,3;21,3;51,8
"NA.30";"Original Chicken Sandwich";"Chicken & Fish";56;39;21;46;4;24;2,3;62,9;1,4;20,4;10,7;42,9
"NA.31";"Original Chicken Sandwich w/o Mayo";"Chicken & Fish";36;16;9;46;4;24;1,5;25,8;0,6;20,4;10,7;42,9
"NA.32";"Chicken Crisp Sandwich- classic";"Chicken & Fish";44;32;99;39;5;17;1,8;51,6;6,6;17,3;13,3;30,4
"NA.33";"Chicken Crisp Sandwich- Spicy";"Chicken & Fish";42;27;102;40;6;17;1,8;43,5;6,8;17,8;16;30,4
"NA.34";"Home-style Chicken Strips- 2pc";"Chicken & Fish";17;13;103;23;0;9;0,7;21;6,9;10,2;0;16,1
"NA.35";"Home-style Chicken Strips- 3pc";"Chicken & Fish";30;19;22;34;0;14;1,2;30,6;1,5;15,1;0;25
"NA.36";"Home-style Chicken Strips- 5pc";"Chicken & Fish";55;32;45;57;1;23;2,3;51,6;3;25,3;2,7;41,1
"NA.37";"Chicken Nuggets (4 pc)";"Chicken & Fish";12;11;58;10;0;10;0,5;17,7;3,9;4,4;0;17,9
"NA.38";"Chicken Nuggets (6 pc)";"Chicken & Fish";23;17;71;15;0;15;1;27,4;4,7;6,7;0;26,8
"NA.39";"Chicken Nuggets (8 pc)";"Chicken & Fish";32;22;82;20;0;20;1,3;35,5;5,5;8,9;0;35,7
"NA.40";"Chicken Nuggets (20 pc)";"Chicken & Fish";74;55;26;50;0;51;3,1;88,7;1,7;22,2;0;91,1
"NA.41";"Tacos (2)";"Chicken & Fish";33;16;88;18;4;14;1,4;25,8;5,9;8;10,7;25
"NA.42";"Country Pork Sandwich";"Chicken & Fish";68;42;36;78;10;29;2,8;67,7;2,4;34,7;26,7;51,8
"NA.43";"Premium Alaskan Fish Sandwich";"Chicken & Fish";52;31;24;57;8;21;2,2;50;1,6;25,3;21,3;37,5
"NA.44";"Premium Alaskan Fish Sandwich w/o Tartar Sauce";"Chicken & Fish";35;12;11;53;6;21;1,5;19,4;0,7;23,6;16;37,5
"NA.45";"BK VEGGIE® Burger ";"Chicken & Fish";35;16;4;44;8;22;1,5;25,8;0,3;19,6;21,3;39,3
"NA.46";"BK VEGGIE® Burger w/ Cheese";"Chicken & Fish";39;20;12;44;8;24;1,6;32,3;0,8;19,6;21,3;42,9
"NA.47";"BK VEGGIE® Burger w/o Mayo";"Chicken & Fish";26;7;106;43;8;22;1,1;11,3;7,1;19,1;21,3;39,3
"NA.48";"Apple Slices";"Chicken & Fish";18;0;1;6;5;0;0,8;0;0,1;2,7;13,3;0
"NA.49";"Onion Rings – value";"Snacks & Sides";8;8;66;19;2;1;0,3;12,9;4,4;8,4;5,3;1,8
"NA.50";"Onion Rings – small";"Snacks & Sides";26;16;98;41;4;3;1,1;25,8;6,5;18,2;10,7;5,4
"NA.51";"Onion Rings – medium";"Snacks & Sides";35;21;6;53;5;4;1,5;33,9;0,4;23,6;13,3;7,1
"NA.52";"Onion Rings – large";"Snacks & Sides";44;25;16;64;7;5;1,8;40,3;1,1;28,4;18,7;8,9
"NA.53";"French Fries – value (Salted)";"Snacks & Sides";17;10;60;34;0;2;0,7;16,1;4;15,1;0;3,6
"NA.54";"French Fries – small (Salted)";"Snacks & Sides";28;15;72;49;0;4;1,2;24,2;4,8;21,8;0;7,1
"NA.55";"French Fries – medium (Salted)";"Snacks & Sides";35;18;81;58;0;4;1,5;29;5,4;25,8;0;7,1
"NA.56";"French Fries – large (Salted)";"Snacks & Sides";44;22;88;72;0;5;1,8;35,5;5,9;32;0;8,9
"NA.57";"Mozzarella Sticks (4 pc)";"Snacks & Sides";22;15;85;24;2;11;0,9;24,2;5,7;10,7;5,3;19,6
"NA.58";"Chicken Caesar Garden Fresh Salad with TENDERGRILL and dressing";"Salads";47;32;29;26;6;35;2;51,6;1,9;11,6;16;62,5
"NA.59";"Chicken Caesar Garden Fresh Salad with TENDERCRISP and dressing";"Salads";59;43;34;40;8;34;2,5;69,4;2,3;17,8;21,3;60,7
"NA.60";"Side Caesar Salad and dressing";"Salads";15;20;79;7;3;6;0,6;32,3;5,3;3,1;8;10,7
"NA.61";"Chicken BLT Garden Fresh Salad with TENDERGRILL and dressing";"Salads";49;37;29;17;5;36;2;59,7;1,9;7,6;13,3;64,3
"NA.62";"Chicken BLT Garden Fresh Salad with TENDERCRISP and dressing";"Salads";60;48;33;31;8;35;2,5;77,4;2,2;13,8;21,3;62,5
"NA.63";"Chicken Apple & Cranberry Garden Fresh Salad with TENDERGRILL and dressing";"Salads";50;30;107;40;34;29;2,1;48,4;7,1;17,8;90,7;51,8
"NA.64";"Chicken Apple & Cranberry Garden Fresh Salad with TENDERCRISP and dressing";"Salads";61;41;7;54;37;28;2,5;66,1;0,5;24;98,7;50
"NA.65";"Side Garden Salad and Avocado Ranch Dressing";"Salads";16;21;77;7;3;5;0,7;33,9;5,1;3,1;8;8,9
"NA.66";"Ranch Crispy Chicken Wrap";"Salads";31;23;2;29;1;14;1,3;37,1;0,1;12,9;2,7;25
"NA.67";"Ranch Grilled Chicken Wrap";"Salads";29;18;3;24;1;19;1,2;29;0,2;10,7;2,7;33,9
"NA.68";"Honey Mustard Crispy Chicken Wrap";"Salads";33;23;102;34;6;14;1,4;37,1;6,8;15,1;16;25
"NA.69";"Honey Mustard Grilled Chicken Wrap";"Salads";31;19;105;29;6;19;1,3;30,6;7;12,9;16;33,9
"NA.70";"Chicken BLT Garden Fresh Salad Wrap- grilled";"Salads";36;22;15;36;3;22;1,5;35,5;1;16;8;39,3
"NA.71";"Chicken BLT Garden Fresh Salad Wrap- crispy";"Salads";43;27;17;43;4;22;1,8;43,5;1,1;19,1;10,7;39,3
"NA.72";"Chicken Apple and Cranberry Garden Fresh Salad Wrap- grilled";"Salads";37;18;107;47;17;19;1,5;29;7,1;20,9;45,3;33,9
"NA.73";"Chicken Apple and Cranberry Garden Fresh Salad Wrap- crispy";"Salads";44;24;4;54;19;18;1,8;38,7;0,3;24;50,7;32,1
"NA.74";"Chicken Caesar Garden Fresh Salad Wrap- grilled";"Salads";32;18;9;37;3;21;1,3;29;0,6;16,4;8;37,5
"NA.75";"Chicken Caesar Garden Fresh Salad Wrap- crispy";"Salads";40;23;13;44;4;21;1,7;37,1;0,9;19,6;10,7;37,5
"NA.76";"Ken’s Citrus Caesar Dressing- packet";"Salads";11;18;71;4;2;2;0,5;29;4,7;1,8;5,3;3,6
"NA.77";"Ken’s Honey Mustard Dressing- packet";"Salads";15;18;54;13;12;1;0,6;29;3,6;5,8;32;1,8
"NA.78";"Ken’s Lite Honey Balsamic- packet";"Salads";6;7;49;14;11;0;0,2;11,3;3,3;6,2;29,3;0
"NA.79";"Ken’s Avocado Ranch Dressing- packet";"Salads";10;17;68;4;3;1;0,4;27,4;4,5;1,8;8;1,8
"NA.80";"Ken’s Apple Cider Vinaigrette- packet";"Salads";14;18;39;10;7;0;0,6;29;2,6;4,4;18,7;0
"NA.81";"Home-style Caesar Croutons- Packet";"Salads";53;2;43;9;1;2;2,2;3,2;2,9;4;2,7;3,6
"NA.82";"Quaker® Oatmeal Maple and Brown Sugar Flavor*";"Breakfast";21;4;56;55;29;5;0,9;6,5;3,7;24,4;77,3;8,9
"NA.83";"Quaker® Oatmeal Original";"Breakfast";7;4;38;23;1;5;0,3;6,5;2,5;10,2;2,7;8,9
"NA.84";"Kids Oatmeal";"Breakfast";10;4;53;32;9;4;0,4;6,5;3,5;14,2;24;7,1
"NA.85";"Sausage Breakfast Burrito";"Breakfast";23;17;97;21;2;14;1;27,4;6,5;9,3;5,3;25
"NA.86";"Southwestern Breakfast Burrito";"Breakfast";51;35;32;42;3;23;2,1;56,5;2,1;18,7;8;41,1
"NA.87";"BK®Breakfast Muffin Sandwich Egg and Cheese";"Breakfast";15;9;85;22;2;12;0,6;14,5;5,7;9,8;5,3;21,4
"NA.88";"BK®Breakfast Muffin Sandwich Sausage and Cheese";"Breakfast";27;20;92;23;1;14;1,1;32,3;6,1;10,2;2,7;25
"NA.89";"BK®Breakfast Muffin Sandwich Sausage; egg and Cheese";"Breakfast";33;23;106;23;2;20;1,4;37,1;7,1;10,2;5,3;35,7
"NA.90";"BK®Breakfast Muffin Sandwich ham; egg and Cheese";"Breakfast";19;9;7;23;3;18;0,8;14,5;0,5;10,2;8;32,1
"NA.91";"BK®Breakfast Muffin Sandwich bacon; egg and Cheese";"Breakfast";19;11;93;22;2;14;0,8;17,7;6,2;9,8;5,3;25
"NA.92";"BK™ Ultimate Breakfast Platter";"Breakfast";4;84;46;134;41;40;0,2;135,5;3,1;59,6;109,3;71,4
"NA.93";"Pancake and Sausage platter";"Breakfast";59;34;2;78;36;14;2,5;54,8;0,1;34,7;96;25
"NA.94";"Pancakes (3) and 1 oz breakfast syrup";"Breakfast";44;19;87;77;36;7;1,8;30,6;5,8;34,2;96;12,5
"NA.95";"CROISSAN’WICH® Egg & Cheese";"Breakfast";22;15;83;25;4;12;0,9;24,2;5,5;11,1;10,7;21,4
"NA.96";"CROISSAN’WICH® Sausage & Cheese";"Breakfast";33;26;87;25;3;13;1,4;41,9;5,8;11,1;8;23,2
"NA.97";"CROISSAN’WICH® Sausage; Egg & Cheese";"Breakfast";39;30;101;26;4;19;1,6;48,4;6,7;11,6;10,7;33,9
"NA.98";"CROISSAN’WICH® Ham; Egg & Cheese";"Breakfast";25;15;4;26;5;17;1;24,2;0,3;11,6;13,3;30,4
"NA.99";"CROISSAN’WICH® Bacon; Egg & Cheese";"Breakfast";26;18;88;25;4;13;1,1;29;5,9;11,1;10,7;23,2
"NA.100";"DOUBLE CROISSAN’WICH™ w/ Sausage; Egg; & Cheese";"Breakfast";58;48;23;27;4;29;2,4;77,4;1,5;12;10,7;51,8
"NA.101";"DOUBLE CROISSAN’WICH™ w/ ham; Egg; & Cheese";"Breakfast";33;19;31;27;6;26;1,4;30,6;2,1;12;16;46,4
"NA.102";"DOUBLE CROISSAN’WICH™ w/ Bacon; Egg; & Cheese";"Breakfast";33;24;3;25;4;18;1,4;38,7;0,2;11,1;10,7;32,1
"NA.103";"DOUBLE CROISSAN’WICH™ w/ Sausage; Bacon; Egg; & Cheese";"Breakfast";47;36;10;26;4;23;2;58,1;0,7;11,6;10,7;41,1
"NA.104";"DOUBLE CROISSAN’WICH™ w/ Ham; Bacon; Egg; & Cheese";"Breakfast";33;22;18;26;5;22;1,4;35,5;1,2;11,6;13,3;39,3
"NA.105";"DOUBLE CROISSAN’WICH™ w/ Ham; Sausage; Egg; & Cheese";"Breakfast";47;34;27;27;5;27;2;54,8;1,8;12;13,3;48,2
"NA.106";"Sausage Biscuit";"Breakfast";36;27;7;32;3;13;1,5;43,5;0,5;14,2;8;23,2
"NA.107";"Sausage; Egg; & Cheese Biscuit";"Breakfast";46;34;25;33;3;20;1,9;54,8;1,7;14,7;8;35,7
"NA.108";"Bacon; Egg & Cheese Biscuit";"Breakfast";36;25;22;32;4;17;1,5;40,3;1,5;14,2;10,7;30,4
"NA.109";"Country Ham and Egg Biscuit";"Breakfast";36;23;37;32;3;18;1,5;37,1;2,5;14,2;8;32,1
"NA.110";"Cinnabon® Roll- One";"Breakfast";24;11;55;45;20;6;1;17,7;3,7;20;53,3;10,7
"NA.111";"Hash Browns – small";"Breakfast";19;16;67;24;0;2;0,8;25,8;4,5;10,7;0;3,6
"NA.112";"Hash Browns – medium";"Breakfast";44;33;95;48;0;4;1,8;53,2;6,3;21,3;0;7,1
"NA.113";"Hash Browns – large";"Breakfast";59;44;6;65;0;5;2,5;71;0,4;28,9;0;8,9
"NA.114";"French Toast Sticks (3 piece)";"Breakfast";16;11;53;29;8;3;0,7;17,7;3,5;12,9;21,3;5,4
"NA.115";"French Toast Sticks (5 piece)";"Breakfast";32;18;69;49;13;5;1,3;29;4,6;21,8;34,7;8,9
"NA.116";"Dutch Apple Pie";"Desserts";26;14;57;46;23;2;1,1;22,6;3,8;20,4;61,3;3,6
"NA.117";"HERSHEY®’S Sundae Pie";"Desserts";25;19;49;32;22;3;1;30,6;3,3;14,2;58,7;5,4
"NA.118";"Soft Serve Cone";"Desserts";9;4;41;27;20;4;0,4;6,5;2,7;12;53,3;7,1
"NA.119";"Soft Serve Cup";"Desserts";7;4;40;23;19;4;0,3;6,5;2,7;10,2;50,7;7,1
"NA.120";"Caramel Sundae";"Desserts";22;6;52;52;37;5;0,9;9,7;3,5;23,1;98,7;8,9
"NA.121";"Chocolate Fudge Sundae";"Desserts";22;7;49;50;43;6;0,9;11,3;3,3;22,2;114,7;10,7
"NA.122";"Strawberry Sundae";"Desserts";12;4;40;35;31;4;0,5;6,5;2,7;15,6;82,7;7,1
"NA.123";"OREO Sundae";"Desserts";38;12;64;77;57;8;1,6;19,4;4,3;34,2;152;14,3
"NA.124";"Mini M & M Sundae";"Desserts";39;13;58;76;62;8;1,6;21;3,9;33,8;165,3;14,3
"NA.125";"Brownie Sundae";"Desserts";47;17;64;89;70;10;2;27,4;4,3;39,6;186,7;17,9
"NA.126";"Chocolate Chip Cookies (2)";"Desserts";27;15;52;47;29;3;1,1;24,2;3,5;20,9;77,3;5,4
"NA.127";"White Chocolate Macadamia Nut Cookies (2)";"Desserts";28;18;51;44;28;4;1,2;29;3,4;19,6;74,7;7,1
"NA.128";"Oatmeal Raisin Cookies (2)";"Desserts";25;13;53;46;26;4;1;21;3,5;20,4;69,3;7,1
"NA.129";"Fat FREE Milk (8 fl oz)";"Smoothies & Shakes";72;0;40;13;12;9;3;0;2,7;5,8;32;16,1
"NA.130";"1% Low Fat Chocolate Milk (8 fl oz)";"Smoothies & Shakes";9;3;42;26;25;8;0,4;4,8;2,8;11,6;66,7;14,3
"NA.131";"Smoothie: Strawberry Banana 12 fl oz";"Smoothies & Shakes";13;0;47;48;40;1;0,5;0;3,1;21,3;106,7;1,8
"NA.132";"Smoothie: Strawberry Banana 16 fl oz";"Smoothies & Shakes";25;1;61;73;60;2;1;1,6;4,1;32,4;160;3,6
"NA.133";"Smoothie: Strawberry Banana 20 fl oz";"Smoothies & Shakes";35;1;74;97;81;3;1,5;1,6;4,9;43,1;216;5,4
"NA.134";"Smoothie: Tropical Mango- 12 fl oz";"Smoothies & Shakes";14;1;65;51;41;2;0,6;1,6;4,3;22,7;109,3;3,6
"NA.135";"Smoothie: Tropical Mango- 16 fl oz";"Smoothies & Shakes";27;1;84;78;63;3;1,1;1,6;5,6;34,7;168;5,4
"NA.136";"Smoothie: Tropical Mango- 20 fl oz";"Smoothies & Shakes";39;2;104;104;85;4;1,6;3,2;6,9;46,2;226,7;7,1
"NA.137";"Vanilla Milk Shake 12 fl oz";"Smoothies & Shakes";49;16;58;91;81;10;2;25,8;3,9;40,4;216;17,9
"NA.138";"Vanilla Milk Shake 16 fl oz";"Smoothies & Shakes";63;20;69;124;110;14;2,6;32,3;4,6;55,1;293,3;25
"NA.139";"Vanilla Milk Shake 20 fl oz";"Smoothies & Shakes";73;23;79;163;146;17;3;37,1;5,3;72,4;389,3;30,4
"NA.140";"Chocolate Milk Shake 12 fl oz";"Smoothies & Shakes";51;17;58;97;83;10;2,1;27,4;3,9;43,1;221,3;17,9
"NA.141";"Chocolate Milk Shake 16 fl oz";"Smoothies & Shakes";66;21;69;131;112;14;2,8;33,9;4,6;58,2;298,7;25
"NA.142";"Chocolate Milk Shake 20 fl oz";"Smoothies & Shakes";75;24;78;174;150;17;3,1;38,7;5,2;77,3;400;30,4
"NA.143";"Strawberry Milk Shake 12 fl oz";"Smoothies & Shakes";44;16;59;79;67;10;1,8;25,8;3,9;35,1;178,7;17,9
"NA.144";"Strawberry Milk Shake 16 fl oz";"Smoothies & Shakes";58;20;70;107;92;14;2,4;32,3;4,7;47,6;245,3;25
"NA.145";"Strawberry Milk Shake 20 fl oz";"Smoothies & Shakes";69;23;80;137;119;17;2,9;37,1;5,3;60,9;317,3;30,4
"NA.146";"Seattle’s Best Coffee® – Decaf- 16 fl oz";"Coffee & Tea";1;0;1;0;0;0;0;0;0,1;0;0;0
"NA.147";"Seattle’s Best Coffee®- Decaf- 20 fl oz";"Coffee & Tea";1;0;1;0;0;0;0;0;0,1;0;0;0
"NA.148";"Seattle’s Best Coffee®- Regular- 16 fl oz";"Coffee & Tea";1;0;1;0;0;0;0;0;0,1;0;0;0
"NA.149";"Seattle’s Best Coffee®- Regular- 20 fl oz";"Coffee & Tea";1;0;1;0;0;0;0;0;0,1;0;0;0
"NA.150";"Seattle’s Best Coffee® Iced Coffee -SMALL";"Coffee & Tea";67;2;91;14;12;2;2,8;3,2;6,1;6,2;32;3,6
"NA.151";"Seattle’s Best Coffee® Iced Coffee – MED";"Coffee & Tea";5;3;38;18;16;3;0,2;4,8;2,5;8;42,7;5,4
"NA.152";"Seattle’s Best Coffee® Iced Coffee -LARGE";"Coffee & Tea";7;4;40;23;20;4;0,3;6,5;2,7;10,2;53,3;7,1
"NA.153";"Seattle’s Best Coffee® Iced Coffee -SMALL- MOCHA";"Coffee & Tea";11;3;91;37;33;2;0,5;4,8;6,1;16,4;88;3,6
"NA.154";"Seattle’s Best Coffee® Iced Coffee – MED- MOCHA";"Coffee & Tea";20;4;38;54;48;3;0,8;6,5;2,5;24;128;5,4
"NA.155";"Seattle’s Best Coffee® Iced Coffee -LARGE- MOCHA";"Coffee & Tea";28;3;40;71;62;4;1,2;4,8;2,7;31,6;165,3;7,1
"NA.156";"Seattle’s Best Coffee® Iced Coffee -SMALL- VANILLA";"Coffee & Tea";9;2;91;34;32;2;0,4;3,2;6,1;15,1;85,3;3,6
"NA.157";"Seattle’s Best Coffee® Iced Coffee – MED-VANILLA";"Coffee & Tea";16;3;38;49;46;3;0,7;4,8;2,5;21,8;122,7;5,4
"NA.158";"Seattle’s Best Coffee® Iced Coffee -LARGE- VANILLA";"Coffee & Tea";24;4;41;63;60;4;1;6,5;2,7;28;160;7,1
"NA.159";"Seattle’s Best Coffee® Iced Coffee -SMALL- CARAMEL";"Coffee & Tea";10;4;42;32;23;3;0,4;6,5;2,8;14,2;61,3;5,4
"NA.160";"Seattle’s Best Coffee® Iced Coffee – MED- CARAMEL";"Coffee & Tea";14;4;44;41;28;3;0,6;6,5;2,9;18,2;74,7;5,4
"NA.161";"Seattle’s Best Coffee® Iced Coffee -LARGE- CARAMEL";"Coffee & Tea";20;5;50;50;34;4;0,8;8,1;3,3;22,2;90,7;7,1
"NA.162";"Mocha Frappe: 12 fl oz";"Coffee & Tea";35;19;50;58;39;3;1,5;30,6;3,3;25,8;104;5,4
"NA.163";"Mocha Frappe: 16 fl oz";"Coffee & Tea";45;22;57;72;49;4;1,9;35,5;3,8;32;130,7;7,1
"NA.164";"Mocha Frappe: 20 fl oz";"Coffee & Tea";54;25;62;87;59;5;2,2;40,3;4,1;38,7;157,3;8,9
"NA.165";"Caramel Frappe: 12 fl oz";"Coffee & Tea";35;19;50;58;39;3;1,5;30,6;3,3;25,8;104;5,4
"NA.166";"Caramel Frappe: 16 fl oz";"Coffee & Tea";45;22;57;72;49;4;1,9;35,5;3,8;32;130,7;7,1
"168";"Egg McMuffin";"Breakfast";300;13;750;31;3;17;12,5;21;50;13,8;8;30,4
"169";"Egg White Delight";"Breakfast";250;8;770;30;3;18;10,4;12,9;51,3;13,3;8;32,1
"170";"Sausage McMuffin";"Breakfast";370;23;780;29;2;14;15,4;37,1;52;12,9;5,3;25
"171";"Sausage McMuffin with Egg";"Breakfast";450;28;860;30;2;21;18,8;45,2;57,3;13,3;5,3;37,5
"172";"Sausage McMuffin with Egg Whites";"Breakfast";400;23;880;30;2;21;16,7;37,1;58,7;13,3;5,3;37,5
"173";"Steak & Egg McMuffin";"Breakfast";430;23;960;31;3;26;17,9;37,1;64;13,8;8;46,4
"174";"Bacon; Egg & Cheese Biscuit (Regular Biscuit)";"Breakfast";460;26;1300;38;3;19;19,2;41,9;86,7;16,9;8;33,9
"175";"Bacon; Egg & Cheese Biscuit (Large Biscuit)";"Breakfast";520;30;1410;43;4;19;21,7;48,4;94;19,1;10,7;33,9
"176";"Bacon; Egg & Cheese Biscuit with Egg Whites (Regular Biscuit)";"Breakfast";410;20;1300;36;3;20;17,1;32,3;86,7;16;8;35,7
"177";"Bacon; Egg & Cheese Biscuit with Egg Whites (Large Biscuit)";"Breakfast";470;25;1420;42;4;20;19,6;40,3;94,7;18,7;10,7;35,7
"178";"Sausage Biscuit (Regular Biscuit)";"Breakfast";430;27;1080;34;2;11;17,9;43,5;72;15,1;5,3;19,6
"179";"Sausage Biscuit (Large Biscuit)";"Breakfast";480;31;1190;39;3;11;20;50;79,3;17,3;8;19,6
"180";"Sausage Biscuit with Egg (Regular Biscuit)";"Breakfast";510;33;1170;36;2;18;21,2;53,2;78;16;5,3;32,1
"181";"Sausage Biscuit with Egg (Large Biscuit)";"Breakfast";570;37;1280;42;3;18;23,8;59,7;85,3;18,7;8;32,1
"182";"Sausage Biscuit with Egg Whites (Regular Biscuit)";"Breakfast";460;27;1180;34;3;18;19,2;43,5;78,7;15,1;8;32,1
"183";"Sausage Biscuit with Egg Whites (Large Biscuit)";"Breakfast";520;32;1290;40;3;18;21,7;51,6;86;17,8;8;32,1
"184";"Southern Style Chicken Biscuit (Regular Biscuit)";"Breakfast";410;20;1180;41;3;17;17,1;32,3;78,7;18,2;8;30,4
"185";"Southern Style Chicken Biscuit (Large Biscuit)";"Breakfast";470;24;1290;46;4;17;19,6;38,7;86;20,4;10,7;30,4
"186";"Steak & Egg Biscuit (Regular Biscuit)";"Breakfast";540;32;1470;38;3;25;22,5;51,6;98;16,9;8;44,6
"187";"Bacon; Egg & Cheese McGriddles";"Breakfast";460;21;1250;48;15;19;19,2;33,9;83,3;21,3;40;33,9
"188";"Bacon; Egg & Cheese McGriddles with Egg Whites";"Breakfast";400;15;1250;47;16;20;16,7;24,2;83,3;20,9;42,7;35,7
"189";"Sausage McGriddles";"Breakfast";420;22;1030;44;15;11;17,5;35,5;68,7;19,6;40;19,6
"190";"Sausage; Egg & Cheese McGriddles";"Breakfast";550;31;1320;48;15;20;22,9;50;88;21,3;40;35,7
"191";"Sausage; Egg & Cheese McGriddles with Egg Whites";"Breakfast";500;26;1320;46;15;21;20,8;41,9;88;20,4;40;37,5
"192";"Bacon; Egg & Cheese Bagel";"Breakfast";620;31;1480;57;7;30;25,8;50;98,7;25,3;18,7;53,6
"193";"Bacon; Egg & Cheese Bagel with Egg Whites";"Breakfast";570;25;1480;55;8;30;23,8;40,3;98,7;24,4;21,3;53,6
"194";"Steak; Egg & Cheese Bagel";"Breakfast";670;35;1510;56;7;33;27,9;56,5;100,7;24,9;18,7;58,9
"195";"Big Breakfast (Regular Biscuit)";"Breakfast";740;48;1560;51;3;28;30,8;77,4;104;22,7;8;50
"196";"Big Breakfast (Large Biscuit)";"Breakfast";800;52;1680;56;3;28;33,3;83,9;112;24,9;8;50
"197";"Big Breakfast with Egg Whites (Regular Biscuit)";"Breakfast";640;37;1590;50;3;26;26,7;59,7;106;22,2;8;46,4
"198";"Big Breakfast with Egg Whites (Large Biscuit)";"Breakfast";690;41;1700;55;4;26;28,7;66,1;113,3;24,4;10,7;46,4
"199";"Big Breakfast with Hotcakes (Regular Biscuit)";"Breakfast";1090;56;2150;111;17;36;45,4;90,3;143,3;49,3;45,3;64,3
"200";"Big Breakfast with Hotcakes (Large Biscuit)";"Breakfast";1150;60;2260;116;17;36;47,9;96,8;150,7;51,6;45,3;64,3
"201";"Big Breakfast with Hotcakes and Egg Whites (Regular Biscuit)";"Breakfast";990;46;2170;110;17;35;41,2;74,2;144,7;48,9;45,3;62,5
"202";"Big Breakfast with Hotcakes and Egg Whites (Large Biscuit)";"Breakfast";1050;50;2290;115;18;35;43,8;80,6;152,7;51,1;48;62,5
"203";"Hotcakes";"Breakfast";350;9;590;60;14;8;14,6;14,5;39,3;26,7;37,3;14,3
"204";"Hotcakes and Sausage";"Breakfast";520;24;930;61;14;15;21,7;38,7;62;27,1;37,3;26,8
"205";"Sausage Burrito";"Breakfast";300;16;790;26;2;12;12,5;25,8;52,7;11,6;5,3;21,4
"206";"Hash Brown";"Breakfast";150;9;310;15;0;1;6,2;14,5;20,7;6,7;0;1,8
"207";"Cinnamon Melts";"Breakfast";460;19;370;66;32;6;19,2;30,6;24,7;29,3;85,3;10,7
"208";"Fruit & Maple Oatmeal";"Breakfast";290;4;160;58;32;5;12,1;6,5;10,7;25,8;85,3;8,9
"209";"Fruit & Maple Oatmeal without Brown Sugar";"Breakfast";260;4;115;49;18;5;10,8;6,5;7,7;21,8;48;8,9
"210";"Big Mac";"Beef & Pork";530;27;960;47;9;24;22,1;43,5;64;20,9;24;42,9
"211";"Quarter Pounder with Cheese";"Beef & Pork";520;26;1100;41;10;30;21,7;41,9;73,3;18,2;26,7;53,6
"212";"Quarter Pounder with Bacon & Cheese";"Beef & Pork";600;29;1440;48;12;37;25;46,8;96;21,3;32;66,1
"213";"Quarter Pounder with Bacon Habanero Ranch";"Beef & Pork";610;31;1180;46;10;37;25,4;50;78,7;20,4;26,7;66,1
"214";"Quarter Pounder Deluxe";"Beef & Pork";540;27;960;45;9;29;22,5;43,5;64;20;24;51,8
"215";"Double Quarter Pounder with Cheese";"Beef & Pork";750;43;1280;42;10;48;31,2;69,4;85,3;18,7;26,7;85,7
"216";"Hamburger";"Beef & Pork";240;8;480;32;6;12;10;12,9;32;14,2;16;21,4
"217";"Cheeseburger";"Beef & Pork";290;11;680;33;7;15;12,1;17,7;45,3;14,7;18,7;26,8
"218";"Double Cheeseburger";"Beef & Pork";430;21;1040;35;7;24;17,9;33,9;69,3;15,6;18,7;42,9
"219";"Bacon Clubhouse Burger";"Beef & Pork";720;40;1470;51;14;39;30;64,5;98;22,7;37,3;69,6
"220";"McDouble";"Beef & Pork";380;17;840;34;7;22;15,8;27,4;56;15,1;18,7;39,3
"221";"Bacon McDouble";"Beef & Pork";440;22;1110;35;7;27;18,3;35,5;74;15,6;18,7;48,2
"222";"Daily Double";"Beef & Pork";430;22;760;34;7;22;17,9;35,5;50,7;15,1;18,7;39,3
"223";"Jalapeño Double";"Beef & Pork";430;23;1030;35;6;22;17,9;37,1;68,7;15,6;16;39,3
"224";"McRib";"Beef & Pork";500;26;980;44;11;22;20,8;41,9;65,3;19,6;29,3;39,3
"225";"Premium Crispy Chicken Classic Sandwich";"Chicken & Fish";510;22;990;55;10;24;21,2;35,5;66;24,4;26,7;42,9
"226";"Premium Grilled Chicken Classic Sandwich";"Chicken & Fish";350;9;820;42;8;28;14,6;14,5;54,7;18,7;21,3;50
"227";"Premium Crispy Chicken Club Sandwich";"Chicken & Fish";670;33;1410;58;11;36;27,9;53,2;94;25,8;29,3;64,3
"228";"Premium Grilled Chicken Club Sandwich";"Chicken & Fish";510;20;1250;44;9;40;21,2;32,3;83,3;19,6;24;71,4
"229";"Premium Crispy Chicken Ranch BLT Sandwich";"Chicken & Fish";610;28;1400;57;11;32;25,4;45,2;93,3;25,3;29,3;57,1
"230";"Premium Grilled Chicken Ranch BLT Sandwich";"Chicken & Fish";450;15;1230;43;9;36;18,8;24,2;82;19,1;24;64,3
"231";"Bacon Clubhouse Crispy Chicken Sandwich";"Chicken & Fish";750;38;1720;65;16;36;31,2;61,3;114,7;28,9;42,7;64,3
"232";"Bacon Clubhouse Grilled Chicken Sandwich";"Chicken & Fish";590;25;1560;51;14;40;24,6;40,3;104;22,7;37,3;71,4
"233";"Southern Style Crispy Chicken Sandwich";"Chicken & Fish";430;19;910;43;7;21;17,9;30,6;60,7;19,1;18,7;37,5
"234";"McChicken";"Chicken & Fish";360;16;800;40;5;14;15;25,8;53,3;17,8;13,3;25
"235";"Bacon Cheddar McChicken";"Chicken & Fish";480;24;1260;43;6;22;20;38,7;84;19,1;16;39,3
"236";"Bacon Buffalo Ranch McChicken";"Chicken & Fish";430;21;1260;41;6;20;17,9;33,9;84;18,2;16;35,7
"237";"Buffalo Ranch McChicken";"Chicken & Fish";360;16;990;40;5;14;15;25,8;66;17,8;13,3;25
"238";"Premium McWrap Chicken & Bacon (Crispy Chicken)";"Chicken & Fish";630;32;1540;56;7;32;26,2;51,6;102,7;24,9;18,7;57,1
"239";"Premium McWrap Chicken & Bacon (Grilled Chicken)";"Chicken & Fish";480;19;1370;42;6;36;20;30,6;91,3;18,7;16;64,3
"240";"Premium McWrap Chicken & Ranch (Crispy Chicken)";"Chicken & Fish";610;31;1340;56;8;27;25,4;50;89,3;24,9;21,3;48,2
"241";"Premium McWrap Chicken & Ranch (Grilled Chicken)";"Chicken & Fish";450;18;1170;42;6;30;18,8;29;78;18,7;16;53,6
"242";"Premium McWrap Southwest Chicken (Crispy Chicken)";"Chicken & Fish";670;33;1480;68;12;27;27,9;53,2;98,7;30,2;32;48,2
"243";"Premium McWrap Southwest Chicken (Grilled Chicken)";"Chicken & Fish";520;20;1320;55;10;31;21,7;32,3;88;24,4;26,7;55,4
"244";"Premium McWrap Chicken Sweet Chili (Crispy Chicken)";"Chicken & Fish";540;23;1260;61;14;23;22,5;37,1;84;27,1;37,3;41,1
"245";"Premium McWrap Chicken Sweet Chili (Grilled Chicken)";"Chicken & Fish";380;10;1090;47;12;27;15,8;16,1;72,7;20,9;32;48,2
"246";"Chicken McNuggets (4 piece)";"Chicken & Fish";190;12;360;12;0;9;7,9;19,4;24;5,3;0;16,1
"247";"Chicken McNuggets (6 piece)";"Chicken & Fish";280;18;540;18;0;13;11,7;29;36;8;0;23,2
"248";"Chicken McNuggets (10 piece)";"Chicken & Fish";470;30;900;30;0;22;19,6;48,4;60;13,3;0;39,3
"249";"Chicken McNuggets (20 piece)";"Chicken & Fish";940;59;1800;59;0;44;39,2;95,2;120;26,2;0;78,6
"250";"Chicken McNuggets (40 piece)";"Chicken & Fish";1880;118;3600;118;1;87;78,3;190,3;240;52,4;2,7;155,4
"251";"Filet-O-Fish";"Chicken & Fish";390;19;590;39;5;15;16,2;30,6;39,3;17,3;13,3;26,8
"252";"Premium Bacon Ranch Salad (without Chicken)";"Salads";140;7;300;10;4;9;5,8;11,3;20;4,4;10,7;16,1
"253";"Premium Bacon Ranch Salad with Crispy Chicken";"Salads";380;21;860;22;5;25;15,8;33,9;57,3;9,8;13,3;44,6
"254";"Premium Bacon Ranch Salad with Grilled Chicken";"Salads";220;8;690;8;4;29;9,2;12,9;46;3,6;10,7;51,8
"255";"Premium Southwest Salad (without Chicken)";"Salads";140;4,5;150;20;6;6;5,8;7,3;10;8,9;16;10,7
"256";"Premium Southwest Salad with Crispy Chicken";"Salads";450;22;850;42;12;23;18,8;35,5;56,7;18,7;32;41,1
"257";"Premium Southwest Salad with Grilled Chicken";"Salads";290;8;680;28;10;27;12,1;12,9;45,3;12,4;26,7;48,2
"258";"Chipotle BBQ Snack Wrap (Crispy Chicken)";"Snacks & Sides";340;15;780;37;8;14;14,2;24,2;52;16,4;21,3;25
"259";"Chipotle BBQ Snack Wrap (Grilled Chicken)";"Snacks & Sides";260;8;700;30;7;16;10,8;12,9;46,7;13,3;18,7;28,6
"260";"Honey Mustard Snack Wrap (Crispy Chicken)";"Snacks & Sides";330;15;730;34;3;14;13,8;24,2;48,7;15,1;8;25
"261";"Honey Mustard Snack Wrap (Grilled Chicken)";"Snacks & Sides";250;8;650;27;2;16;10,4;12,9;43,3;12;5,3;28,6
"262";"Ranch Snack Wrap (Crispy Chicken)";"Snacks & Sides";360;20;810;32;3;15;15;32,3;54;14,2;8;26,8
"263";"Ranch Snack Wrap (Grilled Chicken)";"Snacks & Sides";280;13;720;25;2;16;11,7;21;48;11,1;5,3;28,6
"264";"Small French Fries";"Snacks & Sides";230;11;130;30;0;2;9,6;17,7;8,7;13,3;0;3,6
"265";"Medium French Fries";"Snacks & Sides";340;16;190;44;0;4;14,2;25,8;12,7;19,6;0;7,1
"266";"Large French Fries";"Snacks & Sides";510;24;290;67;0;6;21,2;38,7;19,3;29,8;0;10,7
"267";"Kids French Fries";"Snacks & Sides";110;5;65;15;0;1;4,6;8,1;4,3;6,7;0;1,8
"268";"Side Salad";"Snacks & Sides";20;0;10;4;2;1;0,8;0;0,7;1,8;5,3;1,8
"269";"Apple Slices";"Snacks & Sides";15;0;0;4;3;0;0,6;0;0;1,8;8;0
"270";"Fruit 'n Yogurt Parfait";"Snacks & Sides";150;2;70;30;23;4;6,2;3,2;4,7;13,3;61,3;7,1
"271";"Baked Apple Pie";"Desserts";250;13;170;32;13;2;10,4;21;11,3;14,2;34,7;3,6
"272";"Chocolate Chip Cookie";"Desserts";160;8;90;21;15;2;6,7;12,9;6;9,3;40;3,6
"273";"Oatmeal Raisin Cookie";"Desserts";150;6;135;22;13;2;6,2;9,7;9;9,8;34,7;3,6
"274";"Kids Ice Cream Cone";"Desserts";45;1,5;20;7;6;1;1,9;2,4;1,3;3,1;16;1,8
"275";"Hot Fudge Sundae";"Desserts";330;9;170;53;48;8;13,8;14,5;11,3;23,6;128;14,3
"276";"Hot Caramel Sundae";"Desserts";340;8;150;60;43;7;14,2;12,9;10;26,7;114,7;12,5
"277";"Strawberry Sundae";"Desserts";280;6;85;49;45;6;11,7;9,7;5,7;21,8;120;10,7
"278";"Blueberry Pomegranate Smoothie (Small)";"Smoothies & Shakes";220;0,5;40;50;44;2;9,2;0,8;2,7;22,2;117,3;3,6
"279";"Blueberry Pomegranate Smoothie (Medium)";"Smoothies & Shakes";260;1;50;62;54;3;10,8;1,6;3,3;27,6;144;5,4
"280";"Blueberry Pomegranate Smoothie (Large)";"Smoothies & Shakes";340;1;65;79;70;4;14,2;1,6;4,3;35,1;186,7;7,1
"281";"Strawberry Banana Smoothie (Small)";"Smoothies & Shakes";210;0,5;50;47;44;3;8,8;0,8;3,3;20,9;117,3;5,4
"282";"Strawberry Banana Smoothie (Medium)";"Smoothies & Shakes";250;1;60;58;54;4;10,4;1,6;4;25,8;144;7,1
"283";"Strawberry Banana Smoothie (Large)";"Smoothies & Shakes";330;1;80;74;70;5;13,8;1,6;5,3;32,9;186,7;8,9
"284";"Mango Pineapple Smoothie (Small)";"Smoothies & Shakes";210;0,5;40;50;46;2;8,8;0,8;2,7;22,2;122,7;3,6
"285";"Mango Pineapple Smoothie (Medium)";"Smoothies & Shakes";260;1;45;61;56;3;10,8;1,6;3;27,1;149,3;5,4
"286";"Mango Pineapple Smoothie (Large)";"Smoothies & Shakes";340;1;60;78;72;4;14,2;1,6;4;34,7;192;7,1
"287";"Vanilla Shake (Small)";"Smoothies & Shakes";530;15;160;86;63;11;22,1;24,2;10,7;38,2;168;19,6
"288";"Vanilla Shake (Medium)";"Smoothies & Shakes";660;19;200;109;81;14;27,5;30,6;13,3;48,4;216;25
"289";"Vanilla Shake (Large)";"Smoothies & Shakes";820;23;260;135;101;18;34,2;37,1;17,3;60;269,3;32,1
"290";"Strawberry Shake (Small)";"Smoothies & Shakes";550;16;160;90;79;12;22,9;25,8;10,7;40;210,7;21,4
"291";"Strawberry Shake (Medium)";"Smoothies & Shakes";690;20;210;114;100;15;28,7;32,3;14;50,7;266,7;26,8
"292";"Strawberry Shake (Large)";"Smoothies & Shakes";850;24;260;140;123;18;35,4;38,7;17,3;62,2;328;32,1
"293";"Chocolate Shake (Small)";"Smoothies & Shakes";560;16;240;91;77;12;23,3;25,8;16;40,4;205,3;21,4
"294";"Chocolate Shake (Medium)";"Smoothies & Shakes";700;20;300;114;97;15;29,2;32,3;20;50,7;258,7;26,8
"295";"Chocolate Shake (Large)";"Smoothies & Shakes";850;23;380;141;120;19;35,4;37,1;25,3;62,7;320;33,9
"296";"Shamrock Shake (Medium)";"Smoothies & Shakes";660;19;210;109;93;14;27,5;30,6;14;48,4;248;25
"297";"Shamrock Shake (Large)";"Smoothies & Shakes";820;23;260;135;115;18;34,2;37,1;17,3;60;306,7;32,1
"298";"McFlurry with M&M’s Candies (Small)";"Smoothies & Shakes";650;23;180;96;89;13;27,1;37,1;12;42,7;237,3;23,2
"299";"McFlurry with M&M’s Candies (Medium)";"Smoothies & Shakes";930;33;260;139;128;20;38,8;53,2;17,3;61,8;341,3;35,7
"300";"McFlurry with M&M’s Candies (Snack)";"Smoothies & Shakes";430;15;120;64;59;9;17,9;24,2;8;28,4;157,3;16,1
"301";"McFlurry with Oreo Cookies (Small)";"Smoothies & Shakes";510;17;280;80;64;12;21,2;27,4;18,7;35,6;170,7;21,4
"302";"McFlurry with Oreo Cookies (Medium)";"Smoothies & Shakes";690;23;380;106;85;15;28,7;37,1;25,3;47,1;226,7;26,8
"303";"McFlurry with Oreo Cookies (Snack)";"Smoothies & Shakes";340;11;190;53;43;8;14,2;17,7;12,7;23,6;114,7;14,3
"304";"McFlurry with Reese's Peanut Butter Cups (Medium)";"Smoothies & Shakes";810;32;400;114;103;21;33,8;51,6;26,7;50,7;274,7;37,5
"305";"McFlurry with Reese's Peanut Butter Cups (Snack)";"Smoothies & Shakes";410;16;200;57;51;10;17,1;25,8;13,3;25,3;136;17,9
"306";"A.M. Crunchwrap™ Bacon";"Breakfast";660;41;1270;51;3;21;27,5;66,1;84,7;22,7;8;37,5
"307";"A.M. Crunchwrap™ Sausage";"Breakfast";700;46;1250;51;3;21;29,2;74,2;83,3;22,7;8;37,5
"308";"Bacon & Egg Burrito";"Breakfast";440;24;990;37;3;20;18,3;38,7;66;16,4;8;35,7
"309";"Bacon A.M. Griller";"Breakfast";240;14;590;16;1;12;10;22,6;39,3;7,1;2,7;21,4
"310";"Cinnabon Delights – 4 Pack";"Breakfast";260;15;130;28;16;3;10,8;24,2;8,7;12,4;42,7;5,4
"311";"Eggs";"Breakfast";60;4,5;95;1;0;3;2,5;7,3;6,3;0,4;0;5,4
"312";"Hash Brown";"Breakfast";160;11;250;14;0;1;6,7;17,7;16,7;6,2;0;1,8
"313";"Orange Juice";"Breakfast";140;0;20;33;28;2;5,8;0;1,3;14,7;74,7;3,6
"314";"Sausage & Egg Burrito";"Breakfast";430;24;860;37;2;17;17,9;38,7;57,3;16,4;5,3;30,4
"315";"Sausage A.M. Griller";"Breakfast";230;14;450;16;1;9;9,6;22,6;30;7,1;2,7;16,1
"316";"Steak & Egg Burrito";"Breakfast";380;17;790;37;3;19;15,8;27,4;52,7;16,4;8;33,9
"317";"MTN DEW A.M. 16 oz";"Breakfast";160;0;45;42;40;1;6,7;0;3;18,7;106,7;1,8
"318";"MTN DEW A.M. 20 oz";"Beef & Pork";180;0;50;47;46;1;7,5;0;3,3;20,9;122,7;1,8
"319";"7-Layer Burrito";"Beef & Pork";440;17;1020;58;4;15;18,3;27,4;68;25,8;10,7;26,8
"320";"Bacon & Egg Burrito";"Beef & Pork";440;24;990;37;3;20;18,3;38,7;66;16,4;8;35,7
"321";"Bean Burrito";"Beef & Pork";380;11;1050;56;3;15;15,8;17,7;70;24,9;8;26,8
"322";"Beefy 5-Layer Burrito";"Beef & Pork";520;21;1280;65;5;19;21,7;33,9;85,3;28,9;13,3;33,9
"323";"Black Bean Burrito";"Beef & Pork";400;12;1000;58;3;14;16,7;19,4;66,7;25,8;8;25
"324";"Burrito Supreme® – Chicken";"Chicken & Fish";390;12;1080;51;4;20;16,2;19,4;72;22,7;10,7;35,7
"325";"Burrito Supreme® – Steak";"Beef & Pork";400;13;1050;51;5;20;16,7;21;70;22,7;13,3;35,7
"326";"Burrito Supreme® – Beef";"Beef & Pork";420;16;1140;52;5;17;17,5;25,8;76;23,1;13,3;30,4
"327";"Cantina Burrito – Chicken";"Chicken & Fish";740;27;1920;94;7;32;30,8;43,5;128;41,8;18,7;57,1
"328";"Cantina Burrito – Steak";"Beef & Pork";760;28;1870;95;8;33;31,7;45,2;124,7;42,2;21,3;58,9
"329";"Cantina Burrito – Veggie";"Salads";720;25;1710;104;8;20;30;40,3;114;46,2;21,3;35,7
"330";"Cheesy Potato Burrito";"Beef & Pork";520;25;1340;57;4;18;21,7;40,3;89,3;25,3;10,7;32,1
"331";"Chicken Burrito";"Beef & Pork";410;18;960;46;3;16;17,1;29;64;20,4;8;28,6
"332";"Chili Cheese Burrito";"Beef & Pork";370;17;910;40;2;16;15,4;27,4;60,7;17,8;5,3;28,6
"333";"Combo Burrito";"Beef & Pork";460;19;1380;52;3;21;19,2;30,6;92;23,1;8;37,5
"334";"Sausage & Egg Burrito";"Beef & Pork";430;24;860;37;2;17;17,9;38,7;57,3;16,4;5,3;30,4
"335";"Smothered Burrito – Beef";"Beef & Pork";710;35;2260;70;4;28;29,6;56,5;150,7;31,1;10,7;50
"336";"Smothered Burrito – Shredded Chicken";"Chicken & Fish";650;28;2230;67;4;34;27,1;45,2;148,7;29,8;10,7;60,7
"337";"Smothered Burrito – Steak";"Beef & Pork";670;29;2080;68;4;35;27,9;46,8;138,7;30,2;10,7;62,5
"338";"Steak & Egg Burrito";"Beef & Pork";380;17;790;37;3;19;15,8;27,4;52,7;16,4;8;33,9
"339";"Volcano Burrito";"Beef & Pork";780;41;1650;79;6;23;32,5;66,1;110;35,1;16;41,1
"340";"XXL Grilled Stuft Burrito – Beef";"Beef & Pork";880;42;2200;93;7;32;36,7;67,7;146,7;41,3;18,7;57,1
"341";"XXL Grilled Stuft Burrito – Chicken";"Chicken & Fish";830;35;2080;90;7;38;34,6;56,5;138,7;40;18,7;67,9
"342";"XXL Grilled Stuft Burrito – Steak";"Beef & Pork";840;36;2030;91;7;39;35;58,1;135,3;40,4;18,7;69,6
"343";"Cantina Bowl – Chicken";"Chicken & Fish";530;21;1450;59;4;26;22,1;33,9;96,7;26,2;10,7;46,4
"344";"Cantina Bowl – Steak";"Beef & Pork";550;23;1390;60;4;26;22,9;37,1;92,7;26,7;10,7;46,4
"345";"Cantina Bowl – Veggie";"Salads";510;20;1240;69;4;14;21,2;32,3;82,7;30,7;10,7;25
"346";"Cantina Burrito – Chicken";"Chicken & Fish";740;27;1920;94;7;32;30,8;43,5;128;41,8;18,7;57,1
"347";"Cantina Burrito – Steak";"Beef & Pork";760;28;1870;95;8;33;31,7;45,2;124,7;42,2;21,3;58,9
"348";"Cantina Burrito – Veggie";"Salads";720;25;1710;104;8;20;30;40,3;114;46,2;21,3;35,7
"349";"Cantina Double Steak Quesadilla";"Beef & Pork";960;45;2070;97;10;43;40;72,6;138;43,1;26,7;76,8
"350";"Chalupa Supreme® – Chicken";"Chicken & Fish";340;18;530;29;4;16;14,2;29;35,3;12,9;10,7;28,6
"351";"Chalupa Supreme® – Steak";"Beef & Pork";350;19;500;30;4;16;14,6;30,6;33,3;13,3;10,7;28,6
"352";"Chalupa Supreme® – Beef";"Beef & Pork";370;22;590;31;4;13;15,4;35,5;39,3;13,8;10,7;23,2
"353";"Avocado Ranch Dressing";"Snacks & Sides";80;8;100;1;0;0;3,3;12,9;6,7;0,4;0;0
"354";"Border Sauce – Fire";"Snacks & Sides";0;0;60;0;0;0;0;0;4;0;0;0
"355";"Border Sauce – Hot";"Snacks & Sides";0;0;45;0;0;0;0;0;3;0;0;0
"356";"Border Sauce – Mild";"Snacks & Sides";0;0;35;0;0;0;0;0;2,3;0;0;0
"357";"Cilantro Dressing";"Snacks & Sides";90;9;210;2;0;0;3,8;14,5;14;0,9;0;0
"358";"Creamy Jalapeno Sauce";"Snacks & Sides";70;7;50;1;1;0;2,9;11,3;3,3;0,4;2,7;0
"359";"Green Tomatillo Sauce";"Snacks & Sides";10;0;170;2;1;0;0,4;0;11,3;0,9;2,7;0
"360";"Pepper Jack Sauce";"Snacks & Sides";70;7;50;1;0;0;2,9;11,3;3,3;0,4;0;0
"361";"Pico de Gallo";"Snacks & Sides";5;0;35;1;1;0;0,2;0;2,3;0,4;2,7;0
"362";"Pizza Sauce";"Snacks & Sides";10;0;75;2;1;0;0,4;0;5;0,9;2,7;0
"363";"Red Sauce";"Snacks & Sides";10;0;180;2;0;0;0,4;0;12;0,9;0;0
"364";"Reduced Fat Sour Cream";"Snacks & Sides";30;2;20;2;1;1;1,2;3,2;1,3;0,9;2,7;1,8
"365";"Salsa";"Snacks & Sides";25;0;450;5;3;1;1;0;30;2,2;8;1,8
"366";"Salsa Verde";"Snacks & Sides";5;0;55;1;0;0;0,2;0;3,7;0,4;0;0
"367";"Fresco Burrito Supreme® – Chicken";"Chicken & Fish";340;8;1090;49;4;18;14,2;12,9;72,7;21,8;10,7;32,1
"368";"Fresco Burrito Supreme® – Steak";"Beef & Pork";350;9;1020;50;4;18;14,6;14,5;68;22,2;10,7;32,1
"369";"Fresco Chicken Soft Taco";"Chicken & Fish";140;3,5;470;16;2;10;5,8;5,6;31,3;7,1;5,3;17,9
"370";"Fresco Crunchy Taco";"Beef & Pork";150;8;310;13;1;6;6,2;12,9;20,7;5,8;2,7;10,7
"371";"Fresco Grilled Steak Soft Taco";"Beef & Pork";150;4;410;18;2;11;6,2;6,5;27,3;8;5,3;19,6
"372";"Fresco Soft Taco";"Beef & Pork";160;7;490;18;2;8;6,7;11,3;32,7;8;5,3;14,3
"373";"Cheesy Gordita Crunch";"Beef & Pork";500;29;830;39;6;20;20,8;46,8;55,3;17,3;16;35,7
"374";"Gordita Supreme® – Chicken";"Snacks & Sides";270;10;510;29;6;16;11,2;16,1;34;12,9;16;28,6
"375";"Gordita Supreme® – Steak";"Snacks & Sides";280;11;480;30;6;16;11,7;17,7;32;13,3;16;28,6
"376";"Gordita Supreme® – Beef";"Snacks & Sides";300;14;570;31;6;13;12,5;22,6;38;13,8;16;23,2
"377";"Cheesy Nachos";"Snacks & Sides";290;16;340;31;2;4;12,1;25,8;22,7;13,8;5,3;7,1
"378";"Nachos";"Snacks & Sides";320;19;430;33;3;4;13,3;30,6;28,7;14,7;8;7,1
"379";"Nachos BellGrande®";"Snacks & Sides";780;40;1270;84;6;20;32,5;64,5;84,7;37,3;16;35,7
"380";"Nachos Supreme";"Snacks & Sides";460;25;830;46;4;13;19,2;40,3;55,3;20,4;10,7;23,2
"381";"Volcano Nachos";"Snacks & Sides";990;59;1840;94;7;22;41,2;95,2;122,7;41,8;18,7;39,3
"382";"Black Beans";"Snacks & Sides";80;1,5;200;12;1;4;3,3;2,4;13,3;5,3;2,7;7,1
"383";"Black Beans and Rice";"Snacks & Sides";180;4;430;30;1;6;7,5;6,5;28,7;13,3;2,7;10,7
"384";"Brownie Sandwich";"Snacks & Sides";400;18;200;55;38;3;16,7;29;13,3;24,4;101,3;5,4
"385";"Caramel Apple Empanada";"Snacks & Sides";310;15;310;39;13;3;12,9;24,2;20,7;17,3;34,7;5,4
"386";"Cheesy Fiesta Potatoes";"Snacks & Sides";280;15;580;31;2;4;11,7;24,2;38,7;13,8;5,3;7,1
"387";"Chips and Corn Salsa";"Snacks & Sides";280;12;230;38;5;4;11,7;19,4;15,3;16,9;13,3;7,1
"388";"Chips and Guacamole";"Snacks & Sides";320;20;450;32;1;4;13,3;32,3;30;14,2;2,7;7,1
"389";"Chips and Pico De Gallo";"Snacks & Sides";230;11;260;30;2;3;9,6;17,7;17,3;13,3;5,3;5,4
"390";"Churro";"Snacks & Sides";190;8;230;28;5;2;7,9;12,9;15,3;12,4;13,3;3,6
"391";"Cinnamon Twists";"Snacks & Sides";170;7;200;26;10;1;7,1;11,3;13,3;11,6;26,7;1,8
"392";"Pintos n Cheese";"Snacks & Sides";190;7;670;21;1;11;7,9;11,3;44,7;9,3;2,7;19,6
"393";"Premium Latin Rice";"Snacks & Sides";100;2,5;230;18;0;2;4,2;4;15,3;8;0;3,6
"394";"A.M. Crunchwrap™ Bacon";"Beef & Pork";660;41;1270;51;3;21;27,5;66,1;84,7;22,7;8;37,5
"395";"A.M. Crunchwrap™ Sausage";"Snacks & Sides";700;46;1250;51;3;21;29,2;74,2;83,3;22,7;8;37,5
"396";"Bacon A.M. Griller";"Beef & Pork";240;14;590;16;1;12;10;22,6;39,3;7,1;2,7;21,4
"397";"Beefy Nacho Griller";"Snacks & Sides";420;19;890;49;4;12;17,5;30,6;59,3;21,8;10,7;21,4
"398";"Cantina Bowl – Chicken";"Chicken & Fish";530;21;1450;59;4;26;22,1;33,9;96,7;26,2;10,7;46,4
"399";"Cantina Bowl – Steak";"Beef & Pork";550;23;1390;60;4;26;22,9;37,1;92,7;26,7;10,7;46,4
"400";"Cantina Bowl – Veggie";"Salads";510;20;1240;69;4;14;21,2;32,3;82,7;30,7;10,7;25
"401";"Cantina Double Steak Quesadilla";"Beef & Pork";960;45;2070;97;10;43;40;72,6;138;43,1;26,7;76,8
"402";"Cheese Quesadilla";"Beef & Pork";470;26;990;39;3;19;19,6;41,9;66;17,3;8;33,9
"403";"Cheese Roll-Up";"Beef & Pork";180;9;430;16;1;9;7,5;14,5;28,7;7,1;2,7;16,1
"404";"Chicken Quesadilla";"Chicken & Fish";510;28;1190;39;3;27;21,2;45,2;79,3;17,3;8;48,2
"405";"Chili Cheese Burrito";"Beef & Pork";370;17;910;40;2;16;15,4;27,4;60,7;17,8;5,3;28,6
"406";"Crunchwrap Supreme®";"Beef & Pork";530;20;1090;70;6;16;22,1;32,3;72,7;31,1;16;28,6
"407";"Express Taco Salad w/ Chips";"Salads";580;29;1370;57;6;23;24,2;46,8;91,3;25,3;16;41,1
"408";"Loaded Potato Griller";"Snacks & Sides";470;22;1120;55;5;13;19,6;35,5;74,7;24,4;13,3;23,2
"409";"MexiMelt®";"Snacks & Sides";260;14;730;19;2;14;10,8;22,6;48,7;8,4;5,3;25
"410";"Mexican Pizza";"Snacks & Sides";550;31;950;48;3;21;22,9;50;63,3;21,3;8;37,5
"411";"Sausage A.M. Griller";"Snacks & Sides";230;14;450;16;1;9;9,6;22,6;30;7,1;2,7;16,1
"412";"Smothered Burrito – Beef";"Beef & Pork";710;35;2260;70;4;28;29,6;56,5;150,7;31,1;10,7;50
"413";"Smothered Burrito – Shredded Chicken";"Chicken & Fish";650;28;2230;67;4;34;27,1;45,2;148,7;29,8;10,7;60,7
"414";"Smothered Burrito – Steak";"Beef & Pork";670;29;2080;68;4;35;27,9;46,8;138,7;30,2;10,7;62,5
"415";"Spicy Buffalo Chicken Griller";"Chicken & Fish";350;15;810;40;4;15;14,6;24,2;54;17,8;10,7;26,8
"416";"Steak Quesadilla";"Beef & Pork";520;28;1160;40;3;27;21,7;45,2;77,3;17,8;8;48,2
"417";"Tostada";"Beef & Pork";270;11;650;31;1;12;11,2;17,7;43,3;13,8;2,7;21,4
"418";"Express Taco Salad w/ Chips";"Salads";580;29;1370;57;6;23;24,2;46,8;91,3;25,3;16;41,1
"419";"Fiesta Taco Salad-Beef";"Salads";780;42;1590;74;7;26;32,5;67,7;106;32,9;18,7;46,4
"420";"Fiesta Taco Salad-Chicken";"Salads";730;35;1470;71;7;32;30,4;56,5;98;31,6;18,7;57,1
"421";"Fiesta Taco Salad-Steak";"Salads";750;36;1410;72;7;33;31,2;58,1;94;32;18,7;58,9
"422";"Chicken Soft Taco";"Snacks & Sides";160;5;480;16;1;12;6,7;8,1;32;7,1;2,7;21,4
"423";"Cool Ranch® Doritos® Locos Taco";"Snacks & Sides";160;10;370;13;1;8;6,7;16,1;24,7;5,8;2,7;14,3
"424";"Cool Ranch® Doritos® Locos Taco Supreme";"Snacks & Sides";200;12;390;15;3;8;8,3;19,4;26;6,7;8;14,3
"425";"Crispy Potato Soft Taco";"Snacks & Sides";250;12;490;29;1;6;10,4;19,4;32,7;12,9;2,7;10,7
"426";"Crunchy Taco";"Snacks & Sides";170;10;310;12;1;8;7,1;16,1;20,7;5,3;2,7;14,3
"427";"Crunchy Taco Supreme®";"Snacks & Sides";200;12;340;15;2;9;8,3;19,4;22,7;6,7;5,3;16,1
"428";"DOUBLE DECKER® Taco Supreme®";"Snacks & Sides";350;16;730;39;3;14;14,6;25,8;48,7;17,3;8;25
"429";"Double Decker® Taco";"Snacks & Sides";320;14;710;36;2;14;13,3;22,6;47,3;16;5,3;25
"430";"Fiery Doritos® Locos Taco";"Snacks & Sides";170;10;370;12;1;8;7,1;16,1;24,7;5,3;2,7;14,3
"431";"Fiery Doritos® Locos Taco Supreme";"Snacks & Sides";200;12;390;15;2;9;8,3;19,4;26;6,7;5,3;16,1
"432";"Fresco Chicken Soft Taco";"Snacks & Sides";140;3,5;470;16;2;10;5,8;5,6;31,3;7,1;5,3;17,9
"433";"Fresco Crunchy Taco";"Snacks & Sides";150;8;310;13;1;6;6,2;12,9;20,7;5,8;2,7;10,7
"434";"Grilled Steak Soft Taco";"Snacks & Sides";200;9;450;17;2;13;8,3;14,5;30;7,6;5,3;23,2
"435";"Nacho Cheese Doritos® Locos Taco";"Snacks & Sides";170;10;360;13;1;8;7,1;16,1;24;5,8;2,7;14,3
"436";"Nacho Cheese Doritos® Locos Taco Supreme";"Snacks & Sides";200;12;390;15;2;9;8,3;19,4;26;6,7;5,3;16,1
"437";"Soft Taco Supreme® – Beef";"Snacks & Sides";220;11;520;20;3;10;9,2;17,7;34,7;8,9;8;17,9
"438";"Soft Taco-Beef";"Snacks & Sides";190;9;500;18;1;9;7,9;14,5;33,3;8;2,7;16,1
"439";"Apple Pecan Chicken Salad ";"Salads";350;11;96;27;17;35;14,6;17,7;6,4;12;45,3;62,5
"440";"Apple Pecan Chicken Salad Half-Size ";"Salads";180;6;61;14;9;18;7,5;9,7;4,1;6,2;24;32,1
"441";"Roasted Pecans";"Salads";110;9;72;6;4;1;4,6;14,5;4,8;2,7;10,7;1,8
"442";"Baja Chili Salad";"Salads";530;31;30;34;10;32;22,1;50;2;15,1;26,7;57,1
"443";"Baja Chili Salad Half-Size";"Salads";280;16;86;18;6;16;11,7;25,8;5,7;8;16;28,6
"444";"Seasoned Tortilla Strips";"Snacks & Sides";80;5;8;11;0;1;3,3;8,1;0,5;4,9;0;1,8
"445";"Chicken BLT Cobb Salad ";"Salads";380;18;16;11;4;44;15,8;29;1,1;4,9;10,7;78,6
"446";"Chicken BLT Cobb Salad Half-Size ";"Salads";190;9;73;6;2;22;7,9;14,5;4,9;2,7;5,3;39,3
"447";"Spicy Chicken Caesar Salad";"Salads";480;27;6;24;3;35;20;43,5;0,4;10,7;8;62,5
"448";"Spicy Chicken Caesar Salad Half-Size";"Salads";250;14;67;14;2;18;10,4;22,6;4,5;6,2;5,3;32,1
"449";"Garden Side Salad";"Salads";20;0;49;4;2;1;0,8;0;3,3;1,8;5,3;1,8
"450";"Gourmet Croutons";"Snacks & Sides";80;3;36;13;0;2;3,3;4,8;2,4;5,8;0;3,6
"451";"Caesar Side Salad";"Salads";60;4;76;4;1;4;2,5;6,5;5,1;1,8;2,7;7,1
"452";"Lemon Garlic Caesar Dressing ";"Snacks & Sides";110;11;34;2;1;2;4,6;17,7;2,3;0,9;2,7;3,6
"453";"Apple Slices";"Snacks & Sides";40;0;1;9;7;0;1,7;0;0,1;4;18,7;0
"454";"Plain Baked Potato (avg. wgt. 10 oz.)";"Snacks & Sides";270;0;42;61;3;7;11,2;0;2,8;27,1;8;12,5
"455";"Sour Cream & Chive Baked Potato";"Snacks & Sides";320;4;64;63;4;8;13,3;6,5;4,3;28;10,7;14,3
"456";"Buttery Best Spread";"Snacks & Sides";50;6;95;0;0;0;2,1;9,7;6,3;0;0;0
"457";"Rich & Meaty Chili; Small";"Snacks & Sides";180;5;83;20;5;13;7,5;8,1;5,5;8,9;13,3;23,2
"458";"Rich & Meaty Chili; Large";"Snacks & Sides";270;8;15;31;8;19;11,2;12,9;1;13,8;21,3;33,9
"459";"Hot Chili Seasoning Packet";"Snacks & Sides";5;0;47;1;1;0;0,2;0;3,1;0,4;2,7;0
"460";"Saltine Crackers";"Snacks & Sides";25;1;84;5;0;1;1;1,6;5,6;2,2;0;1,8
"461";"Cheddar Cheese; Shredded";"Snacks & Sides";70;6;11;1;0;4;2,9;9,7;0,7;0,4;0;7,1
"462";"Chili Cheese Fries";"Snacks & Sides";530;28;9;55;4;16;22,1;45,2;0,6;24,4;10,7;28,6
"463";"Value Natural-Cut Fries";"Snacks & Sides";220;11;41;28;0;3;9,2;17,7;2,7;12,4;0;5,4
"464";"Small Natural-Cut Fries";"Snacks & Sides";310;15;51;40;0;4;12,9;24,2;3,4;17,8;0;7,1
"465";"Medium Natural-Cut Fries";"Snacks & Sides";410;20;58;52;0;5;17,1;32,3;3,9;23,1;0;8,9
"466";"Large Natural-Cut Fries";"Snacks & Sides";500;24;69;65;0;6;20,8;38,7;4,6;28,9;0;10,7
"467";"Ketchup; 1 Packet";"Snacks & Sides";10;0;76;2;2;0;0,4;0;5,1;0,9;5,3;0
"468";"4-Piece Regular Chicken Nuggets";"Snacks & Sides";180;12;53;10;0;9;7,5;19,4;3,5;4,4;0;16,1
"469";"4-Piece Spicy Chicken Nuggets";"Snacks & Sides";170;11;65;9;0;10;7,1;17,7;4,3;4;0;17,9
"470";"6-Piece Regular Chicken Nuggets";"Snacks & Sides";270;18;67;14;0;14;11,2;29;4,5;6,2;0;25
"471";"6-Piece Spicy Chicken Nuggets";"Snacks & Sides";260;17;81;14;0;15;10,8;27,4;5,4;6,2;0;26,8
"472";"10-Piece Chicken Nuggets";"Snacks & Sides";450;30;91;24;0;23;18,8;48,4;6,1;10,7;0;41,1
"473";"Jr. Hamburger";"Beef & Pork";250;10;73;25;5;14;10,4;16,1;4,9;11,1;13,3;25
"474";"Jr. Cheeseburger";"Beef & Pork";290;13;85;26;6;16;12,1;21;5,7;11,6;16;28,6
"475";"Jr. Bacon Cheeseburger (JBC)";"Beef & Pork";390;22;91;26;5;20;16,2;35,5;6,1;11,6;13,3;35,7
"476";"Jr. Cheeseburger Deluxe";"Beef & Pork";350;19;87;27;7;17;14,6;30,6;5,8;12;18,7;30,4
"477";"Double Stack™";"Beef & Pork";420;21;10;26;6;27;17,5;33,9;0,7;11,6;16;48,2
"478";"Hamburger; Kids’ Meal";"Beef & Pork";250;10;68;25;5;14;10,4;16,1;4,5;11,1;13,3;25
"479";"Cheeseburger; Kids’ Meal";"Beef & Pork";290;13;78;26;6;16;12,1;21;5,2;11,6;16;28,6
"480";"1/4 lb. Single w/ Cheese";"Beef & Pork";580;31;19;42;10;30;24,2;50;1,3;18,7;26,7;53,6
"481";"1/2 lb. Double w/ Cheese";"Beef & Pork";820;47;27;42;10;48;34,2;75,8;1,8;18,7;26,7;85,7
"482";"3/4 lb. Triple w/ Cheese";"Beef & Pork";1090;66;37;43;11;69;45,4;106,5;2,5;19,1;29,3;123,2
"483";"Baconator®";"Beef & Pork";940;56;35;41;9;57;39,2;90,3;2,3;18,2;24;101,8
"484";"Son of Baconator®";"Beef & Pork";670;37;33;41;9;38;27,9;59,7;2,2;18,2;24;67,9
"485";"Ultimate Chicken Grill Sandwich";"Chicken & Fish";370;7;92;43;9;34;15,4;11,3;6,1;19,1;24;60,7
"486";"Spicy Chicken Sandwich";"Chicken & Fish";510;20;13;55;7;29;21,2;32,3;0,9;24,4;18,7;51,8
"487";"Homestyle Chicken Sandwich";"Chicken & Fish";510;20;18;54;8;29;21,2;32,3;1,2;24;21,3;51,8
"488";"Asiago Ranch Club w/ Homestyle Chicken";"Chicken & Fish";670;32;32;57;9;38;27,9;51,6;2,1;25,3;24;67,9
"489";"Asiago Ranch Club w/ Ultimate Chicken Gril";"Chicken & Fish";530;21;21;43;8;43;22,1;33,9;1,4;19,1;21,3;76,8
"490";"Asiago Ranch Club w/ Spicy Chicken";"Chicken & Fish";670;32;29;57;8;37;27,9;51,6;1,9;25,3;21,3;66,1
"491";"Crispy Chicken Sandwich";"Chicken & Fish";380;20;75;35;4;15;15,8;32,3;5;15,6;10,7;26,8
"492";"Crispy Chicken Caesar Wrap";"Chicken & Fish";440;26;96;33;1;17;18,3;41,9;6,4;14,7;2,7;30,4
"493";"Grilled Chicken Go Wrap";"Chicken & Fish";260;10;79;25;3;19;10,8;16,1;5,3;11,1;8;33,9
"494";"Homestyle Chicken Go Wrap";"Chicken & Fish";340;17;94;30;1;17;14,2;27,4;6,3;13,3;2,7;30,4
"495";"Spicy Chicken Go Wrap";"Chicken & Fish";330;16;91;30;1;17;13,8;25,8;6,1;13,3;2,7;30,4
"496";"Chocolate Frosty; Small";"Desserts";290;7;22;48;40;8;12,1;11,3;1,5;21,3;106,7;14,3
"497";"Vanilla Frosty; Small";"Desserts";280;7;22;46;39;8;11,7;11,3;1,5;20,4;104;14,3
"498";"Chocolate Frosty Shake; Small";"Desserts";580;13;44;104;93;11;24,2;21;2,9;46,2;248;19,6
"499";"Chocolate Frosty Shake; Large";"Desserts";870;17;55;164;148;15;36,2;27,4;3,7;72,9;394,7;26,8
"500";"Strawberry Frosty Shake; Small";"Desserts";540;12;34;97;86;10;22,5;19,4;2,3;43,1;229,3;17,9
"501";"Strawberry Frosty Shake; Large";"Desserts";780;15;41;149;134;13;32,5;24,2;2,7;66,2;357,3;23,2
"502";"Caramel Frosty Shake; Small";"Desserts";650;14;50;121;96;10;27,1;22,6;3,3;53,8;256;17,9
"503";"Caramel Frosty Shake; Large";"Desserts";990;18;66;195;153;14;41,2;29;4,4;86,7;408;25
"504";"Chocolate Frosty Waffle Cone";"Desserts";300;6;31;54;35;7;12,5;9,7;2,1;24;93,3;12,5
"505";"Vanilla Frosty Waffle Cone";"Desserts";290;0;31;53;34;7;12,1;0;2,1;23,6;90,7;12,5
"506";"Artisan Egg Sandwich with Applewood Smoked Bacon";"Snacks & Sides";350;18;78;29;4;18;14,6;29;5,2;12,9;10,7;32,1
"507";"Artisan Egg Sandwich with All-Natural Sausage";"Snacks & Sides";500;32;91;30;4;24;20,8;51,6;6,1;13,3;10,7;42,9
"508";"Artisan Sandwich with Egg & Cheese";"Snacks & Sides";290;13;68;29;4;15;12,1;21;4,5;12,9;10,7;26,8
"509";"Mornin’ Melt™ Panini with Applewood Smoked Bacon";"Snacks & Sides";540;35;90;33;4;30;22,5;56,5;6;14,7;10,7;53,6
"510";"Mornin’ Melt Panini with All-Natural Sausage";"Snacks & Sides";650;46;93;33;3;34;27,1;74,2;6,2;14,7;8;60,7
"511";"Mornin’ Melt Panini with Egg & Cheese";"Snacks & Sides";450;27;71;33;3;25;18,8;43,5;4,7;14,7;8;44,6
"512";"Fresh-Baked Biscuit with Applewood Smoked Bacon";"Snacks & Sides";420;23;20;36;4;17;17,5;37,1;1,3;16;10,7;30,4
"513";"Fresh-Baked Biscuit with All-Natural Sausage";"Snacks & Sides";570;36;23;37;5;23;23,8;58,1;1,5;16,4;13,3;41,1
"514";"Fresh-Baked Biscuit with Egg & Cheese";"Snacks & Sides";360;18;10;36;4;14;15;29;0,7;16;10,7;25
"515";"Toasted Bagel Sandwich with Applewood Smoked Bacon";"Snacks & Sides";480;18;5;57;8;24;20;29;0,3;25,3;21,3;42,9
"516";"Toasted Bagel Sandwich with All-Natural Sausage";"Snacks & Sides";600;29;7;57;8;28;25;46,8;0,5;25,3;21,3;50
"517";"Toasted Bagel Sandwich with Egg and Cheddar";"Snacks & Sides";390;10;77;56;7;19;16,2;16,1;5,1;24,9;18,7;33,9
"518";"Honey Butter Chicken Biscuit";"Snacks & Sides";510;25;24;52;9;21;21,2;40,3;1,6;23,1;24;37,5
"519";"Sunny Side Burger, Jr. Single";"Beef & Pork";470;27;5;29;4;28;19,6;43,5;0,3;12,9;10,7;50
"520";"Steel-Cut Oatmeal with Cranberries and Pecans";"Snacks & Sides";330;12;44;57;33;5;13,8;19,4;2,9;25,3;88;8,9
"521";"Steel-Cut Oatmeal with Summer Berries";"Snacks & Sides";140;2;36;31;11;4;5,8;3,2;2,4;13,8;29,3;7,1
"522";"Steel-Cut Oatmeal with Apples and Caramel";"Snacks & Sides";160;2;38;38;17;4;6,7;3,2;2,5;16,9;45,3;7,1
"523";"Steel-Cut Oatmeal; Plain";"Snacks & Sides";150;3;40;33;10;5;6,2;4,8;2,7;14,7;26,7;8,9
"524";"Brown Sugar";"Snacks & Sides";40;0;1;9;9;0;1,7;0;0,1;4;24;0
"525";"Sausage & Egg Burrito";"Snacks & Sides";270;20;74;12;1;12;11,2;32,3;4,9;5,3;2,7;21,4
"526";"Hot Sauce";"Snacks & Sides";10;0;22;2;1;0;0,4;0;1,5;0,9;2,7;0
"527";"Sausage Biscuit";"Snacks & Sides";460;29;12;37;4;13;19,2;46,8;0,8;16,4;10,7;23,2
"528";"Sausage Gravy & Biscuit";"Snacks & Sides";460;24;28;51;5;9;19,2;38,7;1,9;22,7;13,3;16,1
"529";"Toasted Bagel; Plain";"Snacks & Sides";270;1;69;55;7;9;11,2;1,6;4,6;24,4;18,7;16,1
"530";"Buttery Best Spread";"Snacks & Sides";50;5;95;0;0;0;2,1;8,1;6,3;0;0;0
"531";"Seasoned Homestyle Potatoes";"Snacks & Sides";230;9;77;34;0;2;9,6;14,5;5,1;15,1;0;3,6
"532";"Orange Juice; Small";"Snacks & Sides";130;0;1;30;23;2;5,4;0;0,1;13,3;61,3;3,6
"533";"Oatmeal Bar";"Desserts";280;10;39;46;24;4;11,7;16,1;2,6;20,4;64;7,1
"534";"Cinna-Middles";"Desserts";540;30;74;62;25;7;22,5;48,4;4,9;27,6;66,7;12,5
"535";"Chocolate Chunk Cookie";"Desserts";390;21;46;51;30;4;16,2;33,9;3,1;22,7;80;7,1
"536";"Sugar Cookie";"Desserts";390;19;54;53;28;4;16,2;30,6;3,6;23,6;74,7;7,1
"537";"Chocolate Brownie";"Desserts";400;18;36;57;44;5;16,7;29;2,4;25,3;117,3;8,9
"538";"Oreo® Brownie";"Desserts";470;21;45;68;50;5;19,6;33,9;3;30,2;133,3;8,9
